XS (b),dXS (b),Ea (eV),dEa (eV)
1.000000000000000e+01,6.000000000000000e+00,5.700000000000000e+06,1.000000000000000e+06
1.000000000000000e+01,2.000000000000000e+00,2.300000000000000e+06,1.000000000000000e+06
